adam预测值,adam真实值
28.366844177246094,37.5
13.972493171691895,9.75
11.097187995910645,10.833333015441895
10.861820220947266,8.0
10.33301067352295,5.0
10.33301067352295,9.0
16.355247497558594,16.25
10.33301067352295,9.0
17.56308937072754,15.0
15.285273551940918,8.0
10.33301067352295,7.0
26.71639633178711,45.0
14.83230972290039,10.833333015441895
10.33301067352295,11.0
21.197505950927734,20.0
17.671768188476562,25.0
14.1550931930542,10.0
10.33301067352295,12.0
11.79332160949707,17.5
10.33301067352295,10.0
17.21405029296875,13.0
11.603311538696289,11.0
17.252548217773438,17.5
26.84988784790039,30.0
10.33301067352295,7.583333492279053
29.875019073486328,25.0
10.33301067352295,9.333333015441895
23.816978454589844,26.66666603088379
12.44332504272461,15.0
21.202014923095703,20.0
10.33301067352295,8.0
11.776357650756836,10.0
17.863460540771484,17.0
24.968381881713867,18.75
13.349250793457031,8.0
22.114025115966797,13.0
17.771484375,13.0
20.925350189208984,15.0
14.200411796569824,8.0
22.1612548828125,23.33333396911621
10.33301067352295,16.0
32.53293228149414,30.33333396911621
13.373239517211914,10.0
20.980125427246094,16.25
18.874744415283203,15.0
22.711193084716797,11.916666984558105
13.896594047546387,8.0
11.879509925842285,6.5
22.417369842529297,13.0
21.70972442626953,15.0
14.059854507446289,10.0
10.502168655395508,8.0
21.44066047668457,17.5
10.33301067352295,8.0
10.33301067352295,9.75
23.980026245117188,15.0
24.95400619506836,14.0
10.33301067352295,9.0
10.33301067352295,12.0
20.799785614013672,10.0
15.165594100952148,15.0
21.630329132080078,21.66666603088379
10.33301067352295,8.0
10.33301067352295,10.0
11.172802925109863,10.0
11.542200088500977,10.0
10.33301067352295,6.0
14.381223678588867,10.833333015441895
12.391461372375488,25.0
8.527975082397461,8.0
16.574970245361328,17.5
22.451452255249023,15.0
14.466768264770508,13.0
14.631571769714355,20.0
25.314327239990234,23.33333396911621
11.383748054504395,10.0
24.642690658569336,25.0
14.628552436828613,5.416666507720947
16.22396469116211,9.0
14.097161293029785,18.75
22.369728088378906,2.6666667461395264
15.572242736816406,7.0
10.33301067352295,8.0
10.33301067352295,7.0
10.33301067352295,7.0
9.436515808105469,9.75
11.06102466583252,6.5
10.33301067352295,8.666666984558105
13.691436767578125,4.0
10.33301067352295,10.0
15.780267715454102,10.0
27.396228790283203,29.16666603088379
10.33301067352295,5.0
26.734588623046875,16.25
36.10429763793945,25.0
10.33301067352295,3.0
29.3133544921875,35.0
10.735061645507812,7.0
10.33301067352295,5.416666507720947
15.371485710144043,15.0
33.193931579589844,40.0
16.189697265625,20.0
15.283699035644531,11.916666984558105
21.503801345825195,13.0
26.822147369384766,27.08333396911621
15.493075370788574,12.0
28.758651733398438,17.5
31.198436737060547,60.0
10.33301067352295,10.833333015441895
12.874811172485352,4.0
29.914661407470703,29.33333396911621
10.33301067352295,7.583333492279053
13.03367805480957,10.0
10.33301067352295,7.0
17.32537078857422,10.0
20.134458541870117,15.0
15.4772367477417,12.0
27.952308654785156,15.0
10.33301067352295,10.833333015441895
16.22577476501465,11.0
10.33301067352295,5.416666507720947
26.131141662597656,8.0
10.33301067352295,10.0
23.324066162109375,25.0
20.331222534179688,11.0
10.33301067352295,9.0
10.33301067352295,8.0
10.33301067352295,5.0
26.771217346191406,21.66666603088379
19.669044494628906,8.666666984558105
12.232927322387695,16.0
11.42039680480957,15.0
28.451915740966797,17.5
18.708322525024414,4.0
17.79610252380371,15.0
21.559350967407227,21.66666603088379
10.926176071166992,16.25
10.77176284790039,12.0
10.33301067352295,9.0
11.983796119689941,13.0
10.33301067352295,7.0
18.693777084350586,15.0
10.33301067352295,1.0
16.069927215576172,16.25
14.220848083496094,17.5
28.112411499023438,26.66666603088379
21.278236389160156,17.5
17.177709579467773,12.0
22.31853675842285,16.25
10.33301067352295,10.833333015441895
21.29990005493164,11.916666984558105
17.65481185913086,15.0
15.3721923828125,12.0
17.183082580566406,17.5
10.33301067352295,8.666666984558105
10.33301067352295,1.0
32.2186279296875,31.25
24.770950317382812,20.0
11.96929931640625,20.0
17.712779998779297,25.0
14.344834327697754,16.0
12.932754516601562,11.0
10.803876876831055,5.0
10.33301067352295,6.0
18.42608642578125,12.0
10.33301067352295,7.0
10.489639282226562,12.0
12.74077033996582,13.0
15.285036087036133,17.5
25.246477127075195,53.33333206176758
18.724201202392578,13.0
20.95641326904297,15.0
15.767472267150879,15.0
25.60834503173828,17.33333396911621
14.905517578125,10.0
16.853565216064453,9.75
14.81928825378418,8.0
10.33301067352295,7.0
11.9398832321167,11.916666984558105
10.894320487976074,8.0
15.671577453613281,11.916666984558105
19.95494842529297,11.666666984558105
28.241683959960938,12.0
10.33301067352295,6.5
20.37456512451172,26.66666603088379
10.33301067352295,9.0
13.113836288452148,13.0
20.761857986450195,33.33333206176758
39.39754104614258,62.5
18.002948760986328,15.0
10.33301067352295,11.0
23.552593231201172,21.66666603088379
30.778583526611328,23.33333396911621
33.846858978271484,15.0
13.801377296447754,6.0
11.486542701721191,8.166666984558105
11.435637474060059,10.0
21.120811462402344,20.0
15.989116668701172,35.0
10.33301067352295,9.0
20.670886993408203,12.0
10.33301067352295,8.0
10.33301067352295,7.583333492279053
10.46452522277832,20.0
14.549169540405273,13.0
11.578468322753906,2.0
10.771617889404297,12.0
10.33301067352295,8.666666984558105
16.59113883972168,10.0
10.33301067352295,5.0
10.33301067352295,8.0
14.539562225341797,12.0
34.58338165283203,66.66666412353516
19.864200592041016,21.66666603088379
14.585578918457031,11.0
10.850846290588379,8.0
27.775184631347656,35.0
15.662310600280762,8.0
26.90350341796875,16.0
10.33301067352295,6.0
15.963491439819336,15.0
12.964386940002441,2.0
19.733179092407227,12.0
10.437135696411133,12.0
10.33301067352295,11.0
10.33301067352295,8.0
16.338468551635742,6.0
18.298995971679688,16.25
14.888800621032715,13.0
11.288960456848145,10.0
10.33301067352295,12.0
21.829421997070312,9.0
10.33301067352295,5.0
16.235788345336914,10.0
20.993579864501953,19.5
11.075593948364258,10.0
16.269269943237305,8.0
22.04618263244629,11.0
11.702861785888672,10.833333015441895
10.33301067352295,6.0
13.015033721923828,10.0
14.409492492675781,12.0
23.161338806152344,20.0
21.587724685668945,16.25
10.33301067352295,12.833333015441895
11.321297645568848,10.0
16.74022102355957,20.0
17.062108993530273,10.833333015441895
24.81503677368164,15.0
15.425186157226562,8.0
30.576091766357422,25.0
10.33301067352295,10.0
10.33301067352295,6.0
18.910648345947266,15.0
17.17292022705078,17.5
20.979450225830078,11.916666984558105
15.98210334777832,16.25
16.129657745361328,16.25
10.711129188537598,17.5
10.33301067352295,9.0
10.78695011138916,16.0
18.03036117553711,9.333333015441895
18.280014038085938,11.666666984558105
10.33301067352295,7.583333492279053
14.896594047546387,7.583333492279053
13.646902084350586,13.0
12.135294914245605,10.833333015441895
22.24915313720703,21.66666603088379
13.834145545959473,13.0
27.036483764648438,25.0
10.354876518249512,7.0
34.25023651123047,21.66666603088379
10.882050514221191,10.0
10.697683334350586,5.0
20.60948944091797,15.166666984558105
23.824447631835938,16.25
10.33301067352295,8.0
15.158733367919922,15.0
10.33301067352295,6.0
31.070343017578125,43.75
22.365253448486328,11.916666984558105
18.469425201416016,19.5
10.33301067352295,10.833333015441895
26.739425659179688,15.0
10.33301067352295,10.0
25.181499481201172,25.0
14.238014221191406,12.0
10.33301067352295,8.0
10.33301067352295,10.0
15.613987922668457,16.0
24.771255493164062,21.66666603088379
15.136451721191406,10.0
16.511011123657227,14.083333015441895
10.472020149230957,11.0
10.33301067352295,9.75
10.33301067352295,6.0
10.33301067352295,7.0
10.930602073669434,5.0
17.259132385253906,10.833333015441895
17.196901321411133,11.0
20.331649780273438,23.33333396911621
15.551406860351562,12.0
26.77022933959961,32.5
12.785382270812988,11.0
23.773778915405273,26.66666603088379
23.90349578857422,26.66666603088379
11.53739070892334,10.0
15.487075805664062,15.0
18.165849685668945,24.0
16.277767181396484,8.0
27.505229949951172,27.08333396911621
10.33301067352295,8.0
39.28300476074219,86.66666412353516
20.94101333618164,12.0
12.977970123291016,15.0
10.33301067352295,4.0
10.33301067352295,11.0
10.33301067352295,15.0
11.389615058898926,18.75
10.33301067352295,5.0
10.33301067352295,6.0
16.684091567993164,12.0
24.839370727539062,28.0
13.108159065246582,26.66666603088379
20.420907974243164,20.0
12.071642875671387,13.0
17.20738983154297,13.0
10.33301067352295,12.0
27.202293395996094,15.0
15.077829360961914,13.0
10.33301067352295,5.0
13.744848251342773,13.0
21.564285278320312,20.0
23.651697158813477,26.66666603088379
10.33301067352295,8.0
11.31575870513916,10.0
20.44953155517578,14.083333015441895
10.33301067352295,2.0
11.51793098449707,11.916666984558105
27.79195785522461,11.25
15.253744125366211,15.0
10.33301067352295,5.0
19.863662719726562,17.33333396911621
10.33301067352295,15.0
21.798738479614258,31.25
16.926250457763672,9.0
11.23043155670166,11.0
10.33301067352295,12.0
14.036720275878906,10.833333015441895
12.017332077026367,10.0
11.02495288848877,5.833333492279053
10.889711380004883,10.0
10.33301067352295,12.0
12.495343208312988,10.0
18.457489013671875,12.0
16.553884506225586,12.0
11.405776023864746,15.0
16.228479385375977,15.0
13.7743501663208,18.75
25.72830581665039,17.5
12.814460754394531,8.0
33.95267105102539,37.5
23.433849334716797,40.0
10.33301067352295,5.0
10.33301067352295,9.75
22.365968704223633,43.75
17.060062408447266,7.0
13.025196075439453,13.0
10.33301067352295,4.0
17.953550338745117,17.5
13.606504440307617,12.0
18.330421447753906,9.0
10.33301067352295,14.0
15.57789134979248,28.33333396911621
15.164787292480469,11.916666984558105
25.647266387939453,18.75
17.35210609436035,18.75
10.33301067352295,7.0
17.08155059814453,25.0
10.33301067352295,10.0
16.366188049316406,13.0
16.585914611816406,8.666666984558105
26.65105438232422,15.0
10.33301067352295,10.0
16.58557891845703,10.833333015441895
10.876667976379395,14.0
10.33301067352295,9.0
24.242889404296875,15.0
14.505704879760742,15.0
11.683405876159668,30.0
14.923318862915039,6.0
10.33301067352295,5.833333492279053
10.33301067352295,9.75
10.33301067352295,8.666666984558105
20.401941299438477,10.0
15.39875316619873,16.25
12.637054443359375,8.0
18.258604049682617,25.0
15.840189933776855,10.0
10.33301067352295,12.0
15.484299659729004,12.0
11.3395414352417,10.833333015441895
16.791046142578125,15.0
29.272567749023438,30.0
15.518526077270508,22.5
22.35186004638672,9.0
11.937362670898438,12.0
20.52939224243164,11.916666984558105
21.014982223510742,25.0
10.33301067352295,18.0
10.647701263427734,9.0
16.185834884643555,15.166666984558105
34.89128875732422,40.0
10.33301067352295,10.666666984558105
10.33301067352295,17.5
12.698596954345703,12.0
17.08987808227539,16.0
19.003002166748047,12.0
18.481033325195312,10.0
23.84710693359375,33.33333206176758
11.506479263305664,8.666666984558105
11.246376037597656,10.0
20.161823272705078,10.0
10.33301067352295,7.583333492279053
10.33301067352295,6.0
15.599653244018555,16.25
10.33301067352295,10.0
26.008569717407227,30.0
27.5595703125,12.0
23.461429595947266,33.33333206176758
10.33301067352295,11.0
10.33301067352295,7.0
15.004755020141602,7.583333492279053
15.398962020874023,7.5
15.103534698486328,16.25
10.33301067352295,8.0
10.33301067352295,6.0
24.81825828552246,13.0
16.61673355102539,21.0
10.33301067352295,8.0
28.104278564453125,15.0
10.33301067352295,8.0
10.33301067352295,20.0
10.33301067352295,10.833333015441895
10.33301067352295,13.0
11.959056854248047,8.0
11.592462539672852,16.25
26.781131744384766,23.33333396911621
10.33301067352295,7.0
17.576377868652344,15.0
22.43779182434082,15.0
10.33301067352295,8.0
21.131393432617188,15.0
18.55422592163086,17.5
33.905487060546875,29.16666603088379
18.215778350830078,20.0
17.25709342956543,15.0
10.33301067352295,5.0
10.33301067352295,10.0
33.541847229003906,27.08333396911621
10.33301067352295,9.0
22.33214569091797,26.66666603088379
10.33301067352295,10.0
15.379012107849121,15.0
10.865175247192383,14.083333015441895
10.33301067352295,6.0
15.319524765014648,8.0
18.965835571289062,16.25
13.769438743591309,13.75
11.197410583496094,10.0
25.77638816833496,26.66666603088379
22.059173583984375,23.33333396911621
14.316865921020508,11.0
10.33301067352295,11.0
14.262950897216797,1.0
10.33301067352295,7.0
17.435565948486328,10.0
27.381839752197266,20.0
10.33301067352295,7.0
10.723831176757812,11.916666984558105
30.304916381835938,20.0
10.73469352722168,9.75
10.33301067352295,3.0
12.121109008789062,6.0
15.827743530273438,15.0
16.753747940063477,15.166666984558105
25.61777114868164,21.66666603088379
10.33301067352295,9.0
23.126361846923828,18.0
10.33301067352295,10.833333015441895
12.44774055480957,2.0
20.825315475463867,15.0
22.22480010986328,20.58333396911621
12.511125564575195,10.833333015441895
10.33301067352295,8.0
15.299558639526367,11.0
20.448387145996094,14.083333015441895
13.222246170043945,10.0
12.556260108947754,10.0
10.699033737182617,10.0
30.527080535888672,20.0
10.33301067352295,6.0
10.33301067352295,8.666666984558105
16.540485382080078,11.0
10.33301067352295,8.0
10.33301067352295,9.75
28.140644073486328,52.5
30.902084350585938,15.0
10.33301067352295,15.0
10.33301067352295,11.0
10.33301067352295,14.083333015441895
11.624641418457031,8.0
15.407596588134766,15.0
14.20142650604248,15.166666984558105
21.108577728271484,15.0
20.293895721435547,13.0
11.465789794921875,11.0
12.254188537597656,10.0
11.49051284790039,9.75
20.21352195739746,15.0
10.33301067352295,2.0
26.590984344482422,40.0
23.936626434326172,16.33333396911621
24.149372100830078,21.0
12.115072250366211,12.0
29.520221710205078,30.0
22.395036697387695,14.0
22.524566650390625,10.0
10.33301067352295,4.0
15.964313507080078,18.0
18.063873291015625,18.75
23.98980712890625,31.25
28.25799560546875,15.0
12.180055618286133,11.0
13.102029800415039,11.0
18.93358039855957,10.833333015441895
16.371183395385742,7.0
10.33301067352295,5.0
12.123248100280762,12.0
13.660242080688477,8.0
30.809680938720703,33.33333206176758
17.75025177001953,14.0
18.121442794799805,15.0
14.162609100341797,16.0
19.526535034179688,16.25
27.33673095703125,26.83333396911621
26.895702362060547,21.66666603088379
10.33301067352295,8.0
18.105369567871094,26.66666603088379
34.656917572021484,60.0
16.243619918823242,31.25
10.33301067352295,6.0
13.21682071685791,10.833333015441895
10.33301067352295,10.0
10.988325119018555,10.0
10.33301067352295,8.0
16.805517196655273,12.0
22.860679626464844,9.75
25.633283615112305,11.0
10.33301067352295,7.0
10.33301067352295,10.0
10.33301067352295,6.0
23.36631965637207,26.66666603088379
10.33301067352295,9.0
10.33301067352295,8.0
21.536605834960938,20.0
27.100440979003906,21.66666603088379
24.844928741455078,16.0
15.948699951171875,12.0
12.02464485168457,18.75
10.33301067352295,9.333333015441895
23.770748138427734,15.0
10.33301067352295,8.0
18.807708740234375,10.0
20.540496826171875,12.0
20.61812973022461,15.166666984558105
10.33301067352295,7.0
26.559436798095703,15.0
12.762574195861816,12.833333015441895
18.235980987548828,12.0
22.184600830078125,12.0
17.314964294433594,23.33333396911621
10.33301067352295,14.0
19.669872283935547,20.0
10.33301067352295,12.0
10.33301067352295,6.5
11.51474380493164,13.0
16.165040969848633,8.0
10.33301067352295,8.0
15.867647171020508,22.5
10.33301067352295,8.0
26.396373748779297,24.0
14.682953834533691,8.0
36.68107986450195,25.0
16.62447738647461,17.5
10.33301067352295,10.0
22.421600341796875,2.6666667461395264
13.159777641296387,20.0
10.33301067352295,5.0
12.670034408569336,15.0
10.33301067352295,12.0
11.751954078674316,10.0
26.947284698486328,18.0
30.043685913085938,24.0
20.222829818725586,17.0
12.402155876159668,15.0
15.597604751586914,17.5
10.33301067352295,8.666666984558105
14.892197608947754,12.0
10.33301067352295,6.0
21.731216430664062,30.66666603088379
21.8857421875,20.0
17.34662628173828,13.0
22.382862091064453,15.0
17.3021240234375,23.33333396911621
11.842893600463867,11.916666984558105
28.114490509033203,17.5
10.86290454864502,8.666666984558105
22.566707611083984,25.0
15.730337142944336,12.0
24.48067283630371,17.33333396911621
21.123586654663086,12.0
11.596356391906738,6.0
10.33301067352295,4.333333492279053
12.368762969970703,12.0
15.736889839172363,21.0
14.21656608581543,11.916666984558105
10.33301067352295,7.0
22.83502197265625,15.0
19.31930923461914,17.5
14.499979019165039,12.0
10.33301067352295,21.0
25.087268829345703,15.166666984558105
26.751731872558594,33.33333206176758
32.663021087646484,21.66666603088379
10.33301067352295,6.0
13.595746994018555,12.0
25.017005920410156,14.0
28.073883056640625,40.0
16.14055824279785,16.0
10.33301067352295,5.0
17.615280151367188,8.0
10.33301067352295,7.583333492279053
17.194412231445312,15.0
29.726078033447266,12.0
24.98473358154297,15.166666984558105
12.783493041992188,16.25
10.33301067352295,5.0
16.84264373779297,15.0
10.33301067352295,5.0
18.276365280151367,10.0
10.33301067352295,8.0
16.350873947143555,8.0
11.232967376708984,10.833333015441895
26.346004486083984,50.0
23.758460998535156,32.0
23.901874542236328,16.25
11.331873893737793,13.0
20.033519744873047,2.0
15.590256690979004,18.75
16.936691284179688,8.0
17.708114624023438,23.33333396911621
18.886377334594727,25.0
24.581493377685547,27.08333396911621
10.33301067352295,8.0
12.296566009521484,10.0
16.648340225219727,11.0
15.636246681213379,10.833333015441895
10.33301067352295,10.0
15.193572998046875,20.0
10.37325382232666,8.666666984558105
10.339396476745605,17.5
10.33301067352295,12.0
25.645496368408203,16.25
10.721723556518555,10.0
12.871963500976562,17.5
18.807228088378906,10.0
10.33301067352295,10.833333015441895
10.33301067352295,11.0
10.33301067352295,10.833333015441895
17.775156021118164,10.0
25.629920959472656,25.0
18.666839599609375,24.0
20.11125373840332,17.5
17.415477752685547,13.0
10.33301067352295,10.833333015441895
10.33301067352295,12.0
16.33391571044922,10.833333015441895
10.33301067352295,8.666666984558105
17.649879455566406,14.0
10.33301067352295,8.0
22.355976104736328,12.833333015441895
15.163113594055176,13.0
28.97967529296875,31.25
11.506314277648926,7.583333492279053
17.38014030456543,15.0
10.33301067352295,12.0
10.975460052490234,18.0
10.33301067352295,10.0
18.275297164916992,14.0
15.28010368347168,13.0
17.240562438964844,33.33333206176758
12.091083526611328,10.0
16.465822219848633,40.0
22.062667846679688,22.5
23.152610778808594,15.0
28.553390502929688,40.0
15.991765975952148,13.0
17.633150100708008,15.0
32.0486946105957,21.66666603088379
30.254562377929688,18.0
32.786197662353516,32.66666793823242
30.8582763671875,25.0
10.863225936889648,8.666666984558105
31.520519256591797,45.0
18.125629425048828,10.833333015441895
24.601879119873047,35.0
23.106121063232422,16.25
10.33301067352295,11.0
10.33301067352295,16.0
10.33301067352295,11.0
11.996847152709961,6.0
18.29197883605957,8.0
13.068859100341797,10.0
21.099212646484375,13.0
14.424966812133789,12.0
24.406553268432617,25.0
16.7822322845459,7.0
17.045211791992188,11.0
18.944717407226562,18.66666603088379
15.405414581298828,10.0
16.549400329589844,17.5
27.093597412109375,15.0
20.343549728393555,18.75
10.33301067352295,11.0
17.251188278198242,12.0
18.654155731201172,12.0
22.855037689208984,20.0
14.099627494812012,8.666666984558105
11.245567321777344,8.0
29.489391326904297,19.5
18.80535888671875,15.0
10.33301067352295,6.0
10.33301067352295,8.0
10.33301067352295,8.0
12.199029922485352,10.833333015441895
10.33301067352295,10.0
10.33301067352295,11.0
27.428054809570312,30.0
10.33301067352295,6.0
17.487873077392578,11.916666984558105
10.33301067352295,8.0
21.98294448852539,21.0
35.527740478515625,22.75
23.92697525024414,20.0
19.76430892944336,15.0
17.587053298950195,24.0
26.889820098876953,15.0
14.271530151367188,13.0
16.011348724365234,9.0
18.354644775390625,17.5
10.33301067352295,7.0
25.28636360168457,18.0
10.33301067352295,10.0
10.33301067352295,12.0
12.905389785766602,10.0
14.403682708740234,12.0
15.133352279663086,15.0
19.066871643066406,8.666666984558105
16.095413208007812,19.5
10.708806037902832,5.416666507720947
21.552845001220703,23.0
28.60915756225586,23.33333396911621
19.055564880371094,15.0
30.884963989257812,32.5
19.85144805908203,5.0
10.33301067352295,6.5
10.33301067352295,18.75
14.580781936645508,17.5
26.872119903564453,37.5
21.39374542236328,18.0
15.924760818481445,10.0
24.162107467651367,5.416666507720947
15.223718643188477,10.833333015441895
19.338104248046875,14.0
11.307770729064941,9.0
16.64850425720215,11.666666984558105
10.33301067352295,6.25
13.890702247619629,15.0
17.722942352294922,18.0
15.580326080322266,18.75
10.33301067352295,9.0
11.11428165435791,3.0
21.452728271484375,26.66666603088379
22.327306747436523,28.33333396911621
14.192704200744629,8.0
10.33301067352295,7.0
10.888294219970703,8.0
19.947851181030273,14.0
26.689414978027344,15.0
17.4934139251709,11.0
21.171253204345703,12.0
15.325902938842773,14.083333015441895
20.763856887817383,15.0
20.954025268554688,15.0
10.33301067352295,6.0
27.730064392089844,10.0
11.376724243164062,10.0
19.014442443847656,18.66666603088379
10.33301067352295,16.33333396911621
20.75782585144043,21.0
13.647516250610352,21.25
10.33301067352295,9.75
11.654842376708984,13.0
10.33301067352295,4.0
21.453344345092773,15.0
10.33301067352295,7.0
24.86642837524414,17.5
12.287309646606445,5.0
17.93444061279297,10.0
11.907055854797363,5.0
13.584897994995117,16.25
17.750600814819336,10.0
10.917428016662598,10.0
10.48725414276123,7.583333492279053
19.689014434814453,15.0
14.002710342407227,7.0
13.498208999633789,19.5
18.687471389770508,26.66666603088379
17.494632720947266,23.33333396911621
26.53729248046875,15.0
17.15380859375,17.5
12.260807991027832,10.0
33.11613845825195,16.0
13.01778793334961,8.0
21.01299285888672,26.66666603088379
17.888212203979492,21.66666603088379
12.045086860656738,8.0
10.46479320526123,8.0
10.33301067352295,5.0
13.933794021606445,10.0
10.33301067352295,11.916666984558105
21.136056900024414,20.0
24.00627899169922,31.25
12.945427894592285,13.0
15.826553344726562,15.0
14.45588207244873,8.0
13.371379852294922,7.0
15.734809875488281,60.0
15.497926712036133,13.0
10.33301067352295,12.0
27.899227142333984,31.25
10.33301067352295,8.0
28.530895233154297,31.25
10.33301067352295,15.0
10.33301067352295,8.666666984558105
19.781734466552734,16.0
10.33301067352295,8.0
12.348736763000488,10.0
21.786331176757812,11.0
21.608417510986328,10.0
17.645727157592773,20.0
14.024812698364258,11.916666984558105
17.7666072845459,10.0
27.230697631835938,40.0
21.835969924926758,26.66666603088379
19.998592376708984,16.25
15.624531745910645,21.0
20.542221069335938,60.0
11.051854133605957,17.5
10.33301067352295,6.0
13.575636863708496,18.0
16.23607635498047,13.0
10.33301067352295,8.0
15.58248519897461,17.5
11.224504470825195,10.833333015441895
23.011022567749023,15.0
10.33301067352295,8.0
10.33301067352295,5.0
19.220348358154297,16.25
10.378301620483398,9.75
11.055745124816895,12.0
24.604061126708984,12.0
17.79669952392578,12.0
22.94329261779785,20.0
30.278034210205078,12.0
21.410480499267578,26.66666603088379
16.097856521606445,14.0
18.0174503326416,13.0
23.01673126220703,15.0
17.0802001953125,10.0
20.294414520263672,15.0
37.6942253112793,59.58333206176758
10.33301067352295,8.0
33.29933547973633,25.0
30.616561889648438,29.16666603088379
11.21153736114502,15.0
22.051403045654297,13.0
14.983065605163574,11.916666984558105
15.466235160827637,15.0
10.33301067352295,7.0
26.745983123779297,11.916666984558105
25.631040573120117,20.0
10.33301067352295,8.666666984558105
23.22453498840332,18.0
16.22039794921875,10.0
21.349088668823242,14.0
27.742084503173828,25.0
16.491943359375,21.66666603088379
17.706317901611328,14.0
13.311766624450684,15.0
22.281551361083984,20.0
10.33301067352295,8.666666984558105
10.33301067352295,5.833333492279053
21.41567611694336,25.0
10.33301067352295,5.0
23.07598304748535,25.33333396911621
17.25953483581543,17.5
20.728355407714844,25.0
13.689495086669922,8.0
11.933856964111328,25.0
20.426986694335938,18.0
12.603976249694824,11.916666984558105
14.771917343139648,14.0
15.181711196899414,13.0
10.33301067352295,7.0
15.784976959228516,13.0
20.212785720825195,21.0
10.33301067352295,6.5
13.744832992553711,20.0
11.420516967773438,10.0
18.502681732177734,23.33333396911621
25.022676467895508,22.5
33.677669525146484,16.25
12.732504844665527,20.0
28.19178009033203,31.25
10.33301067352295,6.0
28.827564239501953,53.33333206176758
10.33301067352295,11.0
20.388010025024414,11.0
18.292236328125,21.66666603088379
10.33301067352295,10.833333015441895
33.0218391418457,12.0
18.082340240478516,11.0
12.187911987304688,15.0
11.169933319091797,7.0
10.33301067352295,11.0
11.387261390686035,9.75
34.0874137878418,21.66666603088379
23.823562622070312,7.0
19.670654296875,15.0
14.680299758911133,16.0
27.969959259033203,23.33333396911621
14.710407257080078,11.0
10.33301067352295,11.0
26.062557220458984,15.0
10.33301067352295,10.0
33.042659759521484,29.16666603088379
14.290053367614746,10.5
11.284181594848633,6.0
10.33301067352295,8.0
19.63869857788086,25.0
23.486576080322266,33.33333206176758
36.442344665527344,35.0
10.33301067352295,15.0
22.084854125976562,20.0
10.33301067352295,11.0
11.565393447875977,25.0
28.177730560302734,23.83333396911621
19.699365615844727,8.0
10.33301067352295,13.0
20.9449462890625,25.0
19.777633666992188,9.0
10.493363380432129,9.0
10.33301067352295,10.0
10.33301067352295,9.75
10.33301067352295,8.0
23.168729782104492,25.0
17.986560821533203,17.5
27.662918090820312,31.25
20.675514221191406,16.25
10.33301067352295,8.0
10.33301067352295,6.0
22.588855743408203,19.5
22.443668365478516,18.75
12.84926986694336,7.0
14.615548133850098,20.0
10.33301067352295,5.416666507720947
30.349212646484375,33.33333206176758
10.33301067352295,33.33333206176758
28.238037109375,53.33333206176758
13.490171432495117,15.0
11.500361442565918,6.0
20.85645294189453,31.25
16.170202255249023,10.0
11.589171409606934,13.0
22.65652084350586,31.25
16.54741096496582,16.25
25.64936065673828,19.5
20.037311553955078,10.0
21.060230255126953,14.0
26.982067108154297,21.0
27.694438934326172,31.25
10.33301067352295,8.0
21.411685943603516,10.0
12.128609657287598,10.833333015441895
17.658416748046875,18.0
24.142478942871094,29.16666603088379
10.33301067352295,11.916666984558105
10.33301067352295,10.0
16.50783920288086,15.0
18.210895538330078,20.0
10.33301067352295,7.0
10.33301067352295,8.0
15.24127197265625,12.0
14.48331069946289,11.0
24.029090881347656,21.0
15.521164894104004,15.0
33.15896987915039,13.0
15.082578659057617,20.0
19.34766960144043,14.0
14.56432819366455,10.0
32.69322204589844,29.16666603088379
16.380352020263672,18.41666603088379
13.967538833618164,13.0
16.421672821044922,8.0
19.556987762451172,27.08333396911621
28.363990783691406,18.0
18.155105590820312,14.0
21.89875030517578,11.916666984558105
24.634063720703125,30.33333396911621
15.723552703857422,21.66666603088379
11.932754516601562,15.166666984558105
31.392127990722656,46.66666793823242
26.931781768798828,13.0
15.108508110046387,13.0
10.33301067352295,6.0
10.33301067352295,11.666666984558105
10.33301067352295,11.0
32.74876403808594,27.08333396911621
19.646821975708008,22.0
14.047269821166992,11.666666984558105
10.33301067352295,8.0
10.33301067352295,12.0
17.944215774536133,15.0
10.33301067352295,6.0
16.30970001220703,16.25
13.836301803588867,15.0
10.565675735473633,11.916666984558105
10.33301067352295,11.916666984558105
21.641225814819336,29.16666603088379
15.259071350097656,21.66666603088379
10.33301067352295,4.0
14.810493469238281,7.0
31.573474884033203,36.0
10.51260757446289,18.66666603088379
11.469989776611328,16.25
15.401237487792969,10.0
15.587945938110352,7.583333492279053
10.33301067352295,8.0
21.021331787109375,11.0
12.446760177612305,10.0
10.33301067352295,6.0
10.33301067352295,17.5
13.773935317993164,18.0
10.33301067352295,15.0
11.771064758300781,18.0
19.486108779907227,15.0
22.837615966796875,2.0
10.33301067352295,4.333333492279053
21.151899337768555,12.0
23.525867462158203,12.0
17.391849517822266,15.0
16.741836547851562,6.0
39.95956802368164,31.25
14.722347259521484,9.0
20.469120025634766,16.0
17.87331771850586,14.083333015441895
16.63188362121582,17.33333396911621
10.33301067352295,10.833333015441895
22.44204330444336,20.0
13.29760456085205,10.0
13.29140567779541,8.0
11.99303150177002,19.5
30.717445373535156,26.66666603088379
20.32237434387207,15.0
10.33301067352295,11.916666984558105
10.33301067352295,6.0
17.984012603759766,15.0
14.838619232177734,16.25
10.33301067352295,15.0
16.34033203125,13.0
23.57440185546875,35.0
19.866214752197266,6.0
35.56020736694336,28.0
10.33301067352295,7.0
16.79302978515625,15.0
19.188522338867188,14.0
10.33301067352295,10.0
12.563828468322754,12.0
30.036479949951172,40.0
15.29327392578125,10.833333015441895
17.920429229736328,10.0
15.636116027832031,13.0
26.73645782470703,11.916666984558105
10.33301067352295,4.0
16.76749038696289,8.0
16.465534210205078,15.0
11.281282424926758,9.0
10.33301067352295,15.0
13.322338104248047,8.0
26.53204345703125,40.0
16.349281311035156,16.33333396911621
10.33301067352295,8.0
10.33301067352295,11.0
15.39956283569336,13.0
10.33301067352295,10.0
22.153675079345703,15.0
10.33301067352295,10.0
18.974651336669922,22.5
18.824209213256836,16.0
22.27804946899414,25.0
11.173635482788086,13.0
10.426753044128418,10.0
15.680742263793945,18.0
23.05152130126953,11.916666984558105
10.429675102233887,8.0
10.33301067352295,9.333333015441895
10.33301067352295,21.33333396911621
10.33301067352295,12.0
21.35306167602539,25.0
10.33301067352295,8.0
10.33301067352295,9.0
10.33301067352295,8.0
32.13478469848633,18.0
13.904638290405273,10.0
24.250837326049805,23.33333396911621
16.079200744628906,12.0
40.58749008178711,62.5
20.374889373779297,20.0
16.815784454345703,17.5
10.33301067352295,8.0
23.189449310302734,23.33333396911621
10.33301067352295,8.0
10.33301067352295,5.0
36.20766067504883,62.5
14.726842880249023,10.0
23.49334716796875,15.0
15.752636909484863,10.0
10.33301067352295,11.0
15.491455078125,15.0
14.439020156860352,9.75
9.561392784118652,10.0
10.33301067352295,5.833333492279053
15.66091537475586,15.166666984558105
12.273698806762695,10.0
11.379853248596191,8.666666984558105
10.33301067352295,11.0
17.1229305267334,15.166666984558105
16.73404884338379,18.0
10.33301067352295,11.0
14.572848320007324,16.25
12.610614776611328,10.0
10.33301067352295,6.0
21.85162925720215,10.833333015441895
15.708320617675781,8.0
24.790571212768555,18.0
11.791017532348633,9.0
22.603416442871094,16.25
21.52154541015625,23.33333396911621
11.359538078308105,6.0
16.010787963867188,16.25
11.930658340454102,10.0
10.33301067352295,7.0
23.50606346130371,16.0
23.37154769897461,20.0
21.0440616607666,20.0
18.665874481201172,20.0
22.069625854492188,19.5
10.33301067352295,10.0
18.3837890625,10.833333015441895
25.008411407470703,37.91666793823242
21.194965362548828,21.25
17.63117218017578,20.0
20.437145233154297,21.66666603088379
15.767489433288574,33.33333206176758
10.33301067352295,12.0
18.856735229492188,14.083333015441895
10.33301067352295,8.0
18.838520050048828,15.0
10.33301067352295,13.0
16.57461929321289,17.5
10.33301067352295,15.0
11.295588493347168,10.0
10.802621841430664,12.0
15.745147705078125,9.0
15.882492065429688,14.0
12.705574035644531,15.0
21.420867919921875,15.0
25.35396957397461,40.0
21.017593383789062,25.0
12.055710792541504,5.0
21.197772979736328,12.0
27.032817840576172,18.0
10.33301067352295,8.0
24.061080932617188,27.0
10.33301067352295,11.916666984558105
17.29300308227539,23.33333396911621
16.4846248626709,8.0
10.33301067352295,12.0
10.33301067352295,7.0
23.085498809814453,15.0
10.33301067352295,12.0
10.33301067352295,15.166666984558105
10.33301067352295,7.583333492279053
17.56700325012207,18.41666603088379
10.33301067352295,3.0
19.43874168395996,18.41666603088379
10.33301067352295,6.5
16.024673461914062,14.083333015441895
13.805233001708984,8.0
17.196744918823242,5.0
39.893775939941406,31.25
15.592594146728516,5.0
10.33301067352295,8.0
16.605003356933594,15.0
39.82211685180664,30.0
23.424259185791016,15.0
18.146636962890625,26.66666603088379
10.405651092529297,12.0
12.171834945678711,15.0
10.33301067352295,2.0
29.275043487548828,23.0
10.33301067352295,10.0
17.373491287231445,18.0
20.990976333618164,23.33333396911621
10.33301067352295,4.0
15.182666778564453,10.0
20.95709991455078,25.0
21.32362174987793,14.0
11.039663314819336,10.0
28.07074737548828,45.0
12.486095428466797,15.0
10.33301067352295,5.0
26.872459411621094,25.0
17.564008712768555,16.0
10.33301067352295,13.333333015441895
23.943145751953125,31.25
10.33301067352295,21.25
12.340836524963379,7.0
10.33301067352295,12.0
19.013628005981445,9.0
10.33301067352295,12.833333015441895
15.830427169799805,15.0
11.438314437866211,20.0
22.944007873535156,20.0
15.399645805358887,11.0
25.954097747802734,18.0
12.051568031311035,9.0
21.12374496459961,23.33333396911621
11.336851119995117,13.0
27.1851806640625,25.0
14.829702377319336,8.0
16.166507720947266,16.0
11.26760482788086,13.0
10.33301067352295,9.75
17.297550201416016,13.75
10.33301067352295,8.666666984558105
12.12231159210205,13.0
28.424476623535156,30.0
10.725172996520996,10.0
15.419869422912598,13.0
10.33301067352295,9.75
15.432300567626953,15.0
22.80011558532715,11.0
12.947769165039062,10.0
25.516490936279297,15.0
10.43032169342041,20.0
10.33301067352295,7.0
10.33301067352295,7.0
13.696465492248535,8.0
19.44984245300293,15.0
19.119686126708984,33.33333206176758
16.310640335083008,14.0
16.21230697631836,23.33333396911621
15.909648895263672,21.66666603088379
15.303760528564453,15.0
10.33301067352295,8.666666984558105
10.33301067352295,10.0
25.71170425415039,17.5
17.751426696777344,20.0
11.902069091796875,9.0
18.20846176147461,15.166666984558105
16.079666137695312,15.0
10.33301067352295,11.666666984558105
22.485889434814453,15.0
10.33301067352295,6.5
11.681402206420898,7.0
23.48778533935547,5.416666507720947
14.618217468261719,10.0
24.6636962890625,31.25
11.76058292388916,8.0
12.900461196899414,10.0
10.33301067352295,3.0
10.33301067352295,10.0
21.717390060424805,15.0
24.43631362915039,22.5
10.33301067352295,10.0
35.10200119018555,31.25
24.048389434814453,20.0
10.77199935913086,10.833333015441895
22.37565803527832,15.0
10.76909065246582,10.0
17.880836486816406,20.0
10.33301067352295,5.0
24.028703689575195,12.0
25.520870208740234,25.0
10.598292350769043,9.0
26.30950164794922,33.33333206176758
22.55099868774414,7.0
23.745454788208008,17.5
13.494977951049805,16.0
14.103619575500488,15.0
10.962742805480957,10.0
10.33301067352295,4.333333492279053
20.58934211730957,25.0
10.33301067352295,9.333333015441895
10.33301067352295,6.0
12.241738319396973,2.0
29.255630493164062,18.0
15.563423156738281,10.0
10.33301067352295,10.0
10.33301067352295,8.0
10.33301067352295,13.0
26.164569854736328,23.33333396911621
17.885478973388672,8.0
12.78188705444336,13.0
11.03918743133545,11.0
10.801678657531738,15.0
11.309405326843262,4.0
28.209735870361328,25.0
23.03058624267578,18.75
18.076292037963867,14.083333015441895
16.272640228271484,10.0
10.33301067352295,8.0
10.33301067352295,5.0
16.025903701782227,4.0
27.370464324951172,53.33333206176758
22.41373062133789,29.16666603088379
29.56488800048828,33.33333206176758
27.357219696044922,18.75
20.170204162597656,12.0
13.071974754333496,9.75
12.358705520629883,15.0
27.13375473022461,12.5
10.33301067352295,15.0
10.33301067352295,6.5
22.7049617767334,8.666666984558105
19.772132873535156,16.25
26.134868621826172,31.25
18.71666145324707,11.0
32.93351745605469,40.83333206176758
22.333166122436523,21.66666603088379
10.33301067352295,10.0
20.75522232055664,12.0
16.74170684814453,16.25
14.179838180541992,12.0
11.41063117980957,18.0
13.837592124938965,9.75
13.981852531433105,16.25
10.410017013549805,10.0
23.706485748291016,20.0
20.531288146972656,18.41666603088379
10.700067520141602,8.666666984558105
10.666114807128906,16.25
27.346725463867188,26.66666603088379
27.280841827392578,12.0
14.986307144165039,11.0
10.51343059539795,10.0
19.333038330078125,17.0
10.33301067352295,14.0
16.531829833984375,15.0
10.33301067352295,16.0
10.33301067352295,20.0
10.33301067352295,5.0
14.040033340454102,11.0
10.33301067352295,8.0
10.33301067352295,5.833333492279053
23.40677261352539,24.0
29.337806701660156,9.0
16.506481170654297,14.083333015441895
11.922679901123047,7.0
11.333494186401367,12.0
19.53281593322754,18.0
24.278179168701172,26.66666603088379
22.557960510253906,18.75
32.26129913330078,20.0
34.592002868652344,23.33333396911621
14.191834449768066,12.0
10.609885215759277,11.0
25.465476989746094,33.33333206176758
21.760374069213867,15.0
13.840751647949219,10.0
13.492280006408691,18.0
11.979371070861816,13.0
26.819080352783203,25.0
10.33301067352295,8.0
11.624064445495605,15.0
11.344045639038086,17.5
11.46970272064209,4.0
10.33301067352295,7.0
10.33301067352295,10.0
14.182162284851074,10.833333015441895
10.33301067352295,8.0
14.213590621948242,11.0
30.870811462402344,37.5
22.91312026977539,15.0
27.257640838623047,10.0
21.067415237426758,15.0
27.06113052368164,20.0
21.05427360534668,7.0
10.33301067352295,10.0
24.969114303588867,25.0
10.33301067352295,12.0
22.275177001953125,16.25
10.33301067352295,8.0
19.79861831665039,19.5
10.33301067352295,11.916666984558105
15.547994613647461,18.0
10.33301067352295,8.0
10.936837196350098,10.0
12.286885261535645,12.0
10.33301067352295,15.0
11.400547981262207,10.0
19.26221466064453,24.0
10.33301067352295,5.0
10.33301067352295,8.0
19.786996841430664,15.166666984558105
23.50971221923828,15.0
18.576969146728516,17.33333396911621
15.939214706420898,13.0
22.99585723876953,21.0
17.97010612487793,9.0
10.33301067352295,8.0
10.455391883850098,12.0
10.33301067352295,6.0
10.33301067352295,16.25
10.33301067352295,7.0
14.037827491760254,9.0
21.313508987426758,11.0
10.33301067352295,14.0
21.011131286621094,15.0
10.33301067352295,6.0
10.33301067352295,12.0
14.964194297790527,10.0
13.193628311157227,12.0
18.563913345336914,15.0
10.33301067352295,6.5
15.369828224182129,15.166666984558105
18.492015838623047,21.66666603088379
38.49707794189453,37.5
16.488237380981445,6.0
18.22329330444336,26.66666603088379
23.057491302490234,16.0
10.33301067352295,12.0
18.7222900390625,11.916666984558105
30.96175765991211,35.0
10.33301067352295,9.75
20.594768524169922,33.33333206176758
12.054437637329102,12.833333015441895
18.703155517578125,18.66666603088379
16.271766662597656,12.0
12.026512145996094,8.666666984558105
10.377881050109863,9.0
16.680627822875977,8.0
21.710527420043945,3.0
16.299041748046875,17.5
13.915079116821289,20.0
25.782024383544922,18.0
20.275619506835938,12.0
13.959335327148438,9.0
14.795940399169922,11.0
15.240545272827148,10.0
16.856098175048828,6.0
20.391143798828125,26.0
23.440155029296875,15.0
18.913822174072266,16.25
10.33301067352295,13.0
15.432953834533691,17.5
10.33301067352295,9.75
10.33301067352295,11.0
16.590049743652344,10.833333015441895
11.393163681030273,7.583333492279053
10.616371154785156,10.0
10.33301067352295,7.0
12.909933090209961,8.666666984558105
27.922653198242188,18.0
16.53730010986328,15.0
10.79110336303711,7.0
12.308728218078613,10.0
10.33301067352295,7.0
21.398399353027344,13.0
11.081092834472656,11.916666984558105
10.33301067352295,9.75
10.33301067352295,8.0
23.664684295654297,29.16666603088379
23.662694931030273,13.0
10.33301067352295,5.0
17.817310333251953,21.66666603088379
10.33301067352295,4.0
28.524398803710938,17.5
30.840850830078125,31.25
10.33301067352295,10.0
10.33301067352295,17.5
10.33301067352295,10.0
22.02266502380371,18.0
15.557419776916504,23.33333396911621
10.33301067352295,4.0
21.338878631591797,43.75
23.04567527770996,33.33333206176758
19.97223663330078,10.0
17.70578956604004,10.0
10.33301067352295,10.833333015441895
10.33301067352295,9.0
16.87077522277832,24.0
10.33301067352295,14.0
20.286264419555664,15.0
14.42457103729248,11.666666984558105
13.820119857788086,7.0
10.33301067352295,14.0
19.54114532470703,20.0
10.448051452636719,15.166666984558105
10.33301067352295,7.0
19.11487579345703,23.33333396911621
10.33301067352295,10.0
20.02487564086914,9.333333015441895
10.33301067352295,7.0
24.771289825439453,9.0
10.33301067352295,8.0
27.02517318725586,16.25
16.85181427001953,9.0
10.33301067352295,7.0
12.118362426757812,10.0
13.034526824951172,16.25
10.33301067352295,9.0
16.557788848876953,13.0
30.80406951904297,25.0
13.804683685302734,7.583333492279053
19.102388381958008,20.0
20.831329345703125,20.0
27.434799194335938,18.0
25.488866806030273,15.0
34.15839767456055,20.0
10.33301067352295,13.0
10.33301067352295,12.0
15.417572021484375,15.0
10.33301067352295,6.5
14.777937889099121,10.0
10.974879264831543,15.0
15.761434555053711,20.0
26.497203826904297,43.33333206176758
13.099763870239258,12.0
10.33301067352295,4.0
10.33301067352295,13.0
16.28605842590332,8.666666984558105
20.947538375854492,10.0
11.348162651062012,17.5
27.4459228515625,33.33333206176758
12.007661819458008,5.0
10.33301067352295,5.0
10.33301067352295,5.0
16.9719181060791,20.0
28.79745101928711,23.33333396911621
10.33301067352295,12.0
10.33301067352295,6.0
11.309976577758789,6.0
10.33301067352295,9.0
10.33301067352295,8.0
17.99610710144043,23.33333396911621
27.15613555908203,20.0
14.904020309448242,11.0
16.909021377563477,16.25
23.579326629638672,9.75
10.33301067352295,10.0
16.775127410888672,9.0
21.259807586669922,21.66666603088379
30.546676635742188,53.33333206176758
27.328510284423828,40.0
16.71614646911621,8.0
10.33301067352295,12.0
17.140291213989258,21.33333396911621
10.33301067352295,5.0
16.195812225341797,17.5
15.688567161560059,12.0
21.297130584716797,15.0
10.33301067352295,7.583333492279053
12.428617477416992,10.833333015441895
17.157808303833008,12.0
10.33301067352295,5.0
26.90058135986328,20.0
12.077195167541504,8.0
18.67400360107422,16.25
18.287935256958008,14.083333015441895
10.33301067352295,9.333333015441895
10.33301067352295,6.0
13.012978553771973,15.0
13.304898262023926,10.0
13.45941162109375,20.0
18.254756927490234,14.0
11.366817474365234,10.0
16.489662170410156,4.333333492279053
29.448375701904297,20.0
18.7176570892334,16.25
18.194416046142578,15.0
10.33301067352295,4.0
15.057252883911133,11.0
10.33301067352295,5.0
13.31118392944336,12.0
15.688636779785156,13.0
15.917612075805664,11.0
15.554740905761719,8.0
12.526324272155762,17.5
10.33301067352295,8.0
10.33301067352295,9.0
11.697160720825195,6.0
10.33301067352295,6.0
10.33301067352295,8.0
11.829144477844238,7.0
14.88021469116211,17.5
17.96238136291504,8.0
10.33301067352295,14.083333015441895
4.803725242614746,4.0
10.33301067352295,7.583333492279053
10.33301067352295,7.5
13.810144424438477,18.0
33.54716873168945,35.0
14.741735458374023,12.0
10.33301067352295,10.0
10.33301067352295,7.583333492279053
10.33301067352295,5.416666507720947
20.238649368286133,21.66666603088379
11.817097663879395,15.0
11.979288101196289,20.0
10.33301067352295,8.666666984558105
15.243597984313965,10.0
10.33301067352295,10.833333015441895
16.297073364257812,10.0
25.129058837890625,18.0
11.381311416625977,17.5
22.295608520507812,14.083333015441895
17.485963821411133,17.5
10.33301067352295,10.0
30.37775421142578,43.33333206176758
15.2041015625,13.0
16.355615615844727,17.5
34.88895797729492,23.0
14.728398323059082,10.0
10.33301067352295,5.0
10.33301067352295,10.0
20.784534454345703,20.0
10.33301067352295,11.916666984558105
10.33301067352295,10.0
10.33301067352295,12.0
26.577892303466797,15.0
10.33301067352295,10.0
10.33301067352295,3.0
17.503385543823242,15.166666984558105
15.276123046875,15.0
14.01663589477539,7.0
10.33301067352295,8.0
18.839767456054688,15.166666984558105
12.042098045349121,14.0
10.33301067352295,8.666666984558105
10.33301067352295,5.0
16.158092498779297,16.25
16.41276741027832,7.0
19.99486541748047,7.0
21.917495727539062,15.0
15.136978149414062,10.0
10.33301067352295,8.666666984558105
10.33301067352295,8.0
10.33301067352295,6.0
16.51799964904785,12.0
10.33301067352295,10.0
11.275215148925781,9.0
10.33301067352295,5.0
22.96061897277832,21.0
21.93511199951172,16.25
25.480201721191406,21.66666603088379
11.205753326416016,11.916666984558105
28.92353057861328,40.0
13.395092010498047,15.0
23.376834869384766,17.0
10.33301067352295,5.0
18.254819869995117,10.0
10.33301067352295,8.166666984558105
15.392332077026367,18.0
21.252180099487305,20.0
10.33301067352295,8.166666984558105
10.753360748291016,5.0
12.404339790344238,10.0
10.33301067352295,6.0
10.33301067352295,4.0
25.4893798828125,30.0
10.575822830200195,4.0
24.70317268371582,29.16666603088379
10.33301067352295,9.75
14.441751480102539,13.0
21.435871124267578,15.0
22.357654571533203,35.0
15.338749885559082,11.0
11.518571853637695,10.0
22.290081024169922,23.33333396911621
10.33301067352295,8.666666984558105
14.615875244140625,28.0
10.33301067352295,7.5
14.059102058410645,9.0
21.58785629272461,12.0
21.569698333740234,21.66666603088379
10.33301067352295,10.0
10.33301067352295,11.0
26.66797637939453,32.5
17.839942932128906,10.0
10.33301067352295,6.0
10.33301067352295,8.166666984558105
10.33301067352295,4.0
15.573343276977539,12.0
10.33301067352295,7.0
10.740865707397461,16.25
10.33301067352295,7.0
19.638927459716797,26.66666603088379
28.397705078125,10.0
16.983657836914062,20.0
10.33301067352295,8.0
10.33301067352295,10.0
14.830375671386719,6.0
24.970046997070312,12.0
17.819414138793945,10.833333015441895
17.518619537353516,13.0
18.422157287597656,13.0
10.33301067352295,15.0
10.559842109680176,10.833333015441895
10.33301067352295,8.0
17.186506271362305,9.333333015441895
16.67212677001953,20.0
10.33301067352295,13.0
15.015493392944336,8.666666984558105
19.94378662109375,27.08333396911621
17.73077392578125,9.333333015441895
18.193082809448242,22.5
10.33301067352295,13.0
20.894210815429688,13.0
10.33301067352295,10.0
31.029781341552734,31.25
10.33301067352295,10.0
10.750750541687012,9.0
10.33301067352295,7.0
10.33301067352295,5.0
26.81411361694336,18.0
21.990650177001953,23.33333396911621
10.33301067352295,9.0
13.639710426330566,18.75
17.3708553314209,21.66666603088379
10.33301067352295,5.0
22.96952247619629,20.0
29.885040283203125,31.25
16.73250389099121,12.0
14.050813674926758,30.0
17.77301597595215,12.0
15.54705810546875,12.0
12.199422836303711,7.0
24.61990737915039,16.25
14.990039825439453,10.0
11.60416030883789,17.5
13.039572715759277,25.0
15.850292205810547,18.75
27.245243072509766,45.0
19.198802947998047,18.41666603088379
10.33301067352295,10.0
11.720575332641602,17.5
11.257017135620117,9.0
20.964256286621094,20.0
32.48477554321289,35.0
11.184577941894531,8.0
10.33301067352295,10.833333015441895
17.932575225830078,10.0
16.090110778808594,15.0
17.264175415039062,11.916666984558105
10.33301067352295,10.0
10.33301067352295,15.0
16.839855194091797,13.0
15.157672882080078,10.0
28.302677154541016,29.16666603088379
10.33301067352295,7.583333492279053
13.773951530456543,10.0
18.713449478149414,18.0
15.165802955627441,12.0
10.33301067352295,8.666666984558105
24.076745986938477,6.5
17.716846466064453,11.0
12.071993827819824,8.666666984558105
10.33301067352295,7.583333492279053
22.383281707763672,12.0
11.067649841308594,14.0
10.33301067352295,10.0
24.031204223632812,15.0
17.556909561157227,11.0
10.33301067352295,7.5
16.198617935180664,12.5
20.581226348876953,21.66666603088379
18.294574737548828,12.0
27.732166290283203,40.0
10.727662086486816,5.0
14.615982055664062,11.666666984558105
22.109939575195312,15.0
12.226022720336914,8.0
12.863542556762695,21.0
19.957366943359375,9.0
28.123729705810547,37.5
15.738005638122559,21.66666603088379
15.368401527404785,10.0
10.33301067352295,10.0
16.288217544555664,15.0
16.282623291015625,15.166666984558105
16.745698928833008,11.0
10.776432991027832,16.25
17.360187530517578,22.5
12.394879341125488,15.0
10.33301067352295,5.0
15.579732894897461,17.33333396911621
19.308395385742188,15.0
15.59545612335205,8.0
11.202019691467285,3.0
17.084171295166016,14.0
14.03586483001709,10.0
17.94137191772461,11.0
10.33301067352295,11.0
17.3059024810791,10.0
10.33301067352295,13.0
14.906978607177734,10.0
21.050048828125,4.0
19.37396240234375,17.0
22.109928131103516,15.0
13.353286743164062,6.0
20.01125717163086,14.0
18.112327575683594,29.16666603088379
30.50348663330078,50.0
29.695117950439453,30.0
10.923049926757812,14.0
10.33301067352295,8.0
13.244429588317871,5.0
10.33301067352295,8.0
10.33301067352295,5.0
21.355113983154297,9.0
10.603935241699219,16.25
10.728007316589355,9.0
12.043396949768066,7.0
28.302825927734375,33.33333206176758
18.830699920654297,12.833333015441895
17.29928207397461,14.0
10.33301067352295,5.0
17.211750030517578,12.0
15.453502655029297,8.666666984558105
12.264604568481445,12.0
10.376749992370605,3.0
11.285930633544922,13.0
17.637531280517578,19.5
25.53789710998535,15.0
10.33301067352295,10.0
10.494585990905762,7.0
10.33301067352295,10.0
21.411685943603516,14.0
16.78221893310547,15.0
21.13726234436035,16.25
11.038410186767578,10.0
11.30348014831543,10.833333015441895
23.10077476501465,11.916666984558105
10.33301067352295,6.0
17.206661224365234,11.0
15.12314224243164,13.0
10.33301067352295,12.0
14.982738494873047,6.0
23.102703094482422,16.0
26.847118377685547,25.0
11.353574752807617,13.333333015441895
20.518171310424805,15.0
23.93148422241211,18.75
17.485763549804688,8.0
10.33301067352295,8.0
13.674816131591797,15.0
20.802978515625,23.33333396911621
10.397756576538086,6.0
25.512226104736328,26.66666603088379
10.33301067352295,18.0
18.93651580810547,16.25
18.295764923095703,12.0
19.12363052368164,13.0
26.78704833984375,15.0
10.33301067352295,11.916666984558105
21.606090545654297,35.0
27.681926727294922,19.5
10.33301067352295,8.0
36.19436264038086,33.33333206176758
10.33301067352295,5.0
10.33301067352295,5.0
10.33301067352295,12.0
13.33445930480957,3.0
20.566356658935547,23.33333396911621
12.374275207519531,17.5
15.707849502563477,17.5
10.33301067352295,12.0
10.621661186218262,10.833333015441895
13.712032318115234,7.0
20.552637100219727,16.25
14.47993278503418,5.416666507720947
17.22042465209961,11.916666984558105
10.33301067352295,10.0
20.226333618164062,20.0
23.43573570251465,53.33333206176758
12.442459106445312,10.0
10.33301067352295,9.0
10.33301067352295,8.0
10.33301067352295,9.0
17.521039962768555,26.66666603088379
15.062520980834961,12.0
10.33301067352295,5.0
17.193031311035156,12.0
13.911615371704102,16.0
20.054019927978516,37.5
13.988771438598633,10.0
12.020244598388672,20.0
10.33301067352295,8.0
15.267096519470215,17.5
17.506202697753906,8.0
10.33301067352295,10.833333015441895
10.941866874694824,13.0
10.33301067352295,11.0
16.595245361328125,10.0
15.806321144104004,12.0
10.33301067352295,11.0
11.611799240112305,8.166666984558105
39.61345291137695,60.0
19.59972381591797,7.583333492279053
10.33301067352295,17.5
23.601848602294922,20.0
13.276960372924805,18.0
10.33301067352295,13.0
21.02906036376953,40.0
10.33301067352295,11.0
27.081127166748047,31.25
10.33301067352295,12.833333015441895
18.244049072265625,15.0
22.97690200805664,8.0
31.376808166503906,29.16666603088379
19.887287139892578,50.0
13.772266387939453,18.66666603088379
26.015914916992188,23.33333396911621
16.987213134765625,11.0
15.234837532043457,9.0
19.306713104248047,15.0
17.185449600219727,8.0
15.409002304077148,15.0
10.33301067352295,10.833333015441895
28.095020294189453,31.25
19.306880950927734,27.08333396911621
26.86422348022461,12.0
10.518064498901367,6.0
16.046091079711914,15.0
12.26705265045166,11.666666984558105
10.33301067352295,8.666666984558105
23.493793487548828,16.25
16.990488052368164,17.5
17.954910278320312,15.0
22.376293182373047,20.0
10.33301067352295,7.0
10.33301067352295,7.583333492279053
17.957387924194336,6.5
10.33301067352295,8.666666984558105
17.490928649902344,17.5
13.210108757019043,12.0
22.050884246826172,46.66666793823242
10.33301067352295,7.583333492279053
16.262020111083984,10.0
19.864124298095703,11.0
15.290149688720703,10.833333015441895
10.33301067352295,10.0
10.634450912475586,13.0
10.770012855529785,13.0
10.33301067352295,10.0
10.33301067352295,7.0
21.972129821777344,15.0
16.533740997314453,7.0
14.997598648071289,10.0
16.234695434570312,20.0
14.06600570678711,9.0
11.412155151367188,12.0
16.36882781982422,10.0
15.573342323303223,13.0
24.8792724609375,32.0
10.33301067352295,6.0
14.409339904785156,20.0
16.165952682495117,6.0
10.33301067352295,10.0
12.295684814453125,10.5
13.206277847290039,12.0
19.443069458007812,26.66666603088379
21.902690887451172,10.833333015441895
18.446285247802734,26.66666603088379
10.33301067352295,12.0
10.33301067352295,8.0
10.909090995788574,11.0
10.33301067352295,14.0
10.33301067352295,11.916666984558105
10.430107116699219,8.0
10.33301067352295,3.0
10.33301067352295,6.0
10.33301067352295,11.0
21.156871795654297,16.0
9.246993064880371,8.0
10.33301067352295,11.0
13.702020645141602,25.0
23.359724044799805,8.0
28.29256820678711,26.66666603088379
10.33301067352295,11.0
29.429759979248047,20.0
16.2734432220459,18.75
25.64826011657715,13.0
10.33301067352295,8.666666984558105
10.33301067352295,8.0
22.646732330322266,12.0
21.124948501586914,12.0
25.60089683532715,8.0
15.130407333374023,13.0
10.33301067352295,6.0
10.33301067352295,7.0
10.33301067352295,3.0
23.423961639404297,20.0
11.973846435546875,10.0
10.33301067352295,9.75
32.064640045166016,23.33333396911621
17.73379135131836,12.5
16.66986846923828,12.0
10.33301067352295,12.5
10.412262916564941,8.0
27.304187774658203,80.0
21.399885177612305,16.25
22.265785217285156,12.833333015441895
16.09762191772461,18.66666603088379
10.448744773864746,10.0
25.407352447509766,33.33333206176758
10.33301067352295,16.25
19.298572540283203,18.0
10.969050407409668,12.0
26.403053283691406,20.0
16.488697052001953,8.0
26.954524993896484,12.0
11.981486320495605,17.5
23.264698028564453,26.66666603088379
21.966867446899414,25.0
10.33301067352295,12.0
16.43817710876465,15.0
13.049161911010742,6.5
26.256715774536133,10.0
10.33301067352295,10.0
10.33301067352295,6.0
19.309309005737305,12.0
21.299850463867188,6.0
10.33301067352295,10.833333015441895
30.13888168334961,7.583333492279053
10.35476016998291,8.166666984558105
10.33301067352295,9.0
18.162424087524414,15.0
10.33301067352295,8.0
11.746291160583496,25.0
21.537395477294922,20.0
13.576879501342773,13.0
18.719268798828125,26.66666603088379
11.493047714233398,12.0
15.01647663116455,15.0
10.33301067352295,7.583333492279053
25.908172607421875,2.6666667461395264
18.31643295288086,20.0
17.063596725463867,8.0
24.956520080566406,18.75
22.29697036743164,18.0
21.698257446289062,17.33333396911621
10.33301067352295,15.0
21.162944793701172,11.0
10.33301067352295,8.0
30.446269989013672,15.0
20.205984115600586,15.0
12.411149978637695,18.75
12.139127731323242,10.5
10.33301067352295,11.916666984558105
14.335535049438477,17.0
26.444400787353516,25.0
10.33301067352295,13.0
10.33301067352295,8.0
17.419063568115234,10.0
10.33301067352295,7.0
26.216073989868164,18.0
30.90863800048828,15.0
10.33301067352295,13.0
18.321386337280273,9.0
10.33301067352295,14.0
13.485130310058594,25.0
16.452621459960938,20.0
10.33301067352295,5.0
20.832866668701172,17.5
14.514596939086914,14.083333015441895
10.33301067352295,12.833333015441895
11.490995407104492,10.0
20.447818756103516,10.0
10.33301067352295,10.0
10.33301067352295,9.75
17.833740234375,31.25
10.33301067352295,10.0
16.23440933227539,10.833333015441895
10.33301067352295,13.0
21.436981201171875,15.0
